GRF,grahamvalue
SENEA,grahamvalue
ARW,grahamvalue
JAKK,grahamvalue
SCHL,grahamvalue
KELYA,grahamvalue
SOLV,grahamvalue
BG,grahamvalue
FTCO,grahamvalue
SMP,grahamvalue
KE,grahamvalue
INTT,grahamvalue
BOPCF,grahamvalue
ALVOF,grahamvalue
BXC,grahamvalue
NCMI,grahamvalue
GEODF,grahamvalue
AMR,grahamvalue
PRAA,grahamvalue
MCFT,grahamvalue
AVT,grahamvalue
FUND,grahamvalue
PWM,grahamvalue
NSYS,grahamvalue
HGBL,grahamvalue
GSM,grahamvalue
NTXVF,grahamvalue
CRWS,grahamvalue
WHLM,grahamvalue
FRD,grahamvalue
RAYA,grahamvalue
SEB,grahamvalue
HDRSF,grahamvalue
ONEXF,grahamvalue
WEDXF,grahamvalue
MTUS,grahamvalue
SDHC,grahamvalue
PRT,grahamvalue
MJGCF,grahamvalue
RGP,grahamvalue
SAPLF,grahamvalue
YLLXF,grahamvalue
MXF,grahamvalue
TWI,grahamvalue
MCVT,grahamvalue
PTALF,grahamvalue
JGLCF,grahamvalue
SRUUF,grahamvalue
BFH,grahamvalue
ZEUS,grahamvalue
ORXGF,grahamvalue
TITN,grahamvalue
UNTC,grahamvalue
SD,grahamvalue
CCRN,grahamvalue
DPBSF,grahamvalue
CVGI,grahamvalue
BOWNR,grahamvalue
INXDF,grahamvalue
HERB,grahamvalue
GLBS,grahamvalue
STRFF,grahamvalue
FGI,grahamvalue
GULTU,grahamvalue
ALAR,finviz
AXIL,finviz
BTCS,finviz
CHCI,finviz
CRT,finviz
FTLF,finviz
GDC,finviz
GLXG,finviz
GMM,finviz
GVH,finviz
ICON,finviz
IDR,finviz
JFIN,finviz
JXJT,finviz
MEIP,finviz
MNDO,finviz
MPTI,finviz
MTR,finviz
MVO,finviz
NCSM,finviz
GASS,wallstreetzen
ISSC,wallstreetzen
TOYO,wallstreetzen
GECC,wallstreetzen
STCN,wallstreetzen
