PWM,grahamvalue
LGIH,grahamvalue
ADX,grahamvalue
TMHC,grahamvalue
HIMX,grahamvalue
FITGF,grahamvalue
SMP,grahamvalue
NSYS,grahamvalue
KE,grahamvalue
SRBIF,grahamvalue
XFABF,grahamvalue
MCFT,grahamvalue
GSM,grahamvalue
MOV,grahamvalue
AVT,grahamvalue
ALVOF,grahamvalue
PROSY,grahamvalue
EPSN,grahamvalue
FUND,grahamvalue
WHLM,grahamvalue
GRF,grahamvalue
ARW,grahamvalue
ANPMF,grahamvalue
AGXKF,grahamvalue
WEBC,grahamvalue
MXF,grahamvalue
FTCO,grahamvalue
TWI,grahamvalue
SENEB,grahamvalue
SENEA,grahamvalue
MBUU,grahamvalue
AMRK,grahamvalue
ZEUS,grahamvalue
SRUUF,grahamvalue
PTALF,grahamvalue
PERI,grahamvalue
HNNA,grahamvalue
ONEXF,grahamvalue
SEB,grahamvalue
SCX,grahamvalue
EUSP,grahamvalue
TORXF,grahamvalue
BXC,grahamvalue
WEDXF,grahamvalue
GEODF,grahamvalue
JAKK,grahamvalue
CCRN,grahamvalue
TNRSF,grahamvalue
TITN,grahamvalue
BRID,grahamvalue
SDHC,grahamvalue
PADEF,grahamvalue
HNFSB,grahamvalue
PRT,grahamvalue
DPBSF,grahamvalue
MJGCF,grahamvalue
WB,grahamvalue
SD,grahamvalue
EGRX,grahamvalue
EDUC,grahamvalue
LIFD,grahamvalue
VEXTF,grahamvalue
BFH,grahamvalue
NCMI,grahamvalue
ESHAR,grahamvalue
GBBKR,grahamvalue
HERB,grahamvalue
GLBS,grahamvalue
STRFF,grahamvalue
SGMA,grahamvalue
GULTU,grahamvalue
FGI,grahamvalue
AXIL,finviz
BTCS,finviz
CHCI,finviz
ESEA,finviz
GDC,finviz
GMM,finviz
IMMR,finviz
JXJT,finviz
LWAY,finviz
MED,finviz
MEIP,finviz
MNDO,finviz
MPTI,finviz
MSB,finviz
OPXS,finviz
PFIE,finviz
PSHG,finviz
QSG,finviz
RAVE,finviz
RDVT,finviz
GASS,wallstreetzen
OPBK,wallstreetzen
CBFV,wallstreetzen
ISSC,wallstreetzen
HGBL,wallstreetzen
PFIE,wallstreetzen
ELTK,wallstreetzen
