CHCI,grahamvalue
ASLE,grahamvalue
BANL,grahamvalue
KE,grahamvalue
HDSN,grahamvalue
BOPCF,grahamvalue
ANPMF,grahamvalue
FONR,grahamvalue
HKD,grahamvalue
PROSY,grahamvalue
SENEB,grahamvalue
GRF,grahamvalue
NSYS,grahamvalue
ALVOF,grahamvalue
SENEA,grahamvalue
AOIFF,grahamvalue
AVT,grahamvalue
MCFT,grahamvalue
RGP,grahamvalue
FUND,grahamvalue
MOV,grahamvalue
EPSN,grahamvalue
NL,grahamvalue
CVGI,grahamvalue
GSM,grahamvalue
ARW,grahamvalue
FRD,grahamvalue
XFABF,grahamvalue
CRDE,grahamvalue
BXC,grahamvalue
JAKK,grahamvalue
CRWS,grahamvalue
AMRK,grahamvalue
HNNA,grahamvalue
ZEUS,grahamvalue
LICN,grahamvalue
PWM,grahamvalue
YUEIF,grahamvalue
WEBC,grahamvalue
CCRN,grahamvalue
TORXF,grahamvalue
SOLV,grahamvalue
FTCO,grahamvalue
BRID,grahamvalue
PTALF,grahamvalue
GULTU,grahamvalue
NCMI,grahamvalue
MXF,grahamvalue
ONEXF,grahamvalue
SPPCF,grahamvalue
TWI,grahamvalue
SEB,grahamvalue
UNTC,grahamvalue
PRT,grahamvalue
SD,grahamvalue
WEDXF,grahamvalue
ORXGF,grahamvalue
TITN,grahamvalue
MJGCF,grahamvalue
SRUUF,grahamvalue
SDHC,grahamvalue
PADEF,grahamvalue
BFH,grahamvalue
DOMR,grahamvalue
GBBKR,grahamvalue
HERB,grahamvalue
GLBS,grahamvalue
STRFF,grahamvalue
FGI,grahamvalue
EGRX,grahamvalue
BRSGF,grahamvalue
AXIL,finviz
BTCS,finviz
CHCI,finviz
CISS,finviz
GDC,finviz
GMM,finviz
IDR,finviz
JFIN,finviz
JXJT,finviz
LWAY,finviz
MED,finviz
MEIP,finviz
MNDO,finviz
MPTI,finviz
MSB,finviz
NCSM,finviz
NRT,finviz
NXTT,finviz
OPXS,finviz
PFIE,finviz
GASS,wallstreetzen
SMLR,wallstreetzen
GECC,wallstreetzen
STCN,wallstreetzen
LICN,wallstreetzen
